Runtime (s),Global Error,nprocs
0.960819,0.004351299,2
4.054080,0.02065179,10
31.688322,0.09801586,50