Runtime (s),Global Error,nprocs
0.165375,0.022268,1
0.037002,0.094221,8
0.09664,0.097705,50